City_ID,City,Country,Date,Lat,Lng,Max Temp,Humidity,Cloudiness,Wind Speed
0,Hermanus,ZA,2021-03-04 20:42:55,-34.4187,19.2345,59.0,91,79,6.51
1,Cap Malheureux,MU,2021-03-04 20:42:55,-19.9842,57.6142,75.0,81,78,4.0
2,Busselton,AU,2021-03-04 20:42:55,-33.65,115.3333,66.99,99,87,6.78
3,Sharjah,AE,2021-03-04 20:42:55,25.3573,55.4033,78.8,56,0,2.3
4,Hithadhoo,MV,2021-03-04 20:42:56,-0.6,73.0833,82.83,70,72,8.77
5,Tuktoyaktuk,CA,2021-03-04 20:42:56,69.4541,-133.0374,-20.2,76,20,8.05
6,Yellowknife,CA,2021-03-04 20:42:56,62.456,-114.3525,-5.01,71,90,13.8
7,Fortuna,US,2021-03-04 20:42:56,40.5982,-124.1573,61.0,51,51,8.99
8,Grong,NO,2021-03-04 20:42:57,64.4654,12.3149,30.2,93,75,5.75
9,Castro,BR,2021-03-04 20:42:57,-24.7911,-50.0119,64.36,96,100,7.94
10,Qaanaaq,GL,2021-03-04 20:42:57,77.484,-69.3632,-23.62,65,0,8.16
11,Bluff,NZ,2021-03-04 20:42:58,-46.6,168.3333,55.99,72,99,5.99
12,Ushuaia,AR,2021-03-04 20:39:54,-54.8,-68.3,59.0,51,40,2.3
13,Cape Town,ZA,2021-03-04 20:38:54,-33.9258,18.4232,66.99,63,0,12.66
14,Mataura,NZ,2021-03-04 20:42:58,-46.1927,168.8643,55.99,72,100,5.99
15,Inirida,CO,2021-03-04 20:42:59,3.8653,-67.9239,88.29,58,63,2.55
16,Albany,US,2021-03-04 20:42:59,42.6001,-73.9662,33.01,32,0,5.01
17,Samarai,PG,2021-03-04 20:42:59,-10.6167,150.6667,82.31,70,100,11.45
18,Ribeira Grande,PT,2021-03-04 20:42:59,38.5167,-28.7,55.4,62,20,4.61
19,Rudnogorsk,RU,2021-03-04 20:42:59,57.2639,103.7519,-10.52,91,100,3.42
20,Berlevag,NO,2021-03-04 20:43:00,70.8578,29.0864,26.6,74,75,12.66
21,Avarua,CK,2021-03-04 20:43:00,-21.2078,-159.775,80.6,83,40,11.5
22,Namibe,AO,2021-03-04 20:43:00,-15.1961,12.1522,75.83,82,89,2.51
23,Lagos,NG,2021-03-04 20:43:00,6.5833,3.75,84.2,84,20,10.36
24,Punta Arenas,CL,2021-03-04 20:42:17,-53.15,-70.9167,64.4,29,0,17.27
25,Seoul,KR,2021-03-04 20:38:13,37.5683,126.9778,35.6,93,0,3.44
26,Rikitea,PF,2021-03-04 20:43:01,-23.1203,-134.9692,79.99,76,44,3.15
27,Ponta Do Sol,PT,2021-03-04 20:43:02,32.6667,-17.1,60.01,74,48,3.0
28,Kapaa,US,2021-03-04 20:43:02,22.0752,-159.319,72.0,73,75,18.41
29,Farmington,US,2021-03-04 20:40:45,36.7281,-108.2187,46.99,61,40,13.8
30,Carnarvon,AU,2021-03-04 20:43:02,-24.8667,113.6333,69.8,100,40,5.75
31,Dhali,IN,2021-03-04 20:43:03,10.5,77.1667,75.2,53,0,4.61
32,Hami,CN,2021-03-04 20:43:03,42.8,93.45,34.18,34,76,7.14
33,Coihaique,CL,2021-03-04 20:43:03,-45.5752,-72.0662,77.0,33,0,6.91
34,Ilulissat,GL,2021-03-04 20:43:03,69.2167,-51.1,24.8,74,40,4.61
35,Klaksvik,FO,2021-03-04 20:43:03,62.2266,-6.589,32.0,86,10,4.61
36,Urengoy,RU,2021-03-04 20:43:04,65.9667,78.3667,8.06,95,100,11.59
37,Port Alfred,ZA,2021-03-04 20:43:04,-33.5906,26.891,69.01,88,28,3.0
38,Saldanha,ZA,2021-03-04 20:43:04,-33.0117,17.9442,62.6,72,0,6.91
39,Huanren,CN,2021-03-04 20:43:05,41.2647,125.3667,35.47,89,100,3.53
40,Port Elizabeth,ZA,2021-03-04 20:43:05,-33.918,25.5701,69.8,88,75,14.97
41,Raseiniai,LT,2021-03-04 20:43:05,55.3736,23.1217,23.0,80,0,8.05
42,Hobyo,SO,2021-03-04 20:43:06,5.3505,48.5268,77.86,78,100,18.05
43,Luderitz,NA,2021-03-04 20:43:06,-26.6481,15.1594,71.02,58,0,16.82
44,Vila Nova De Milfontes,PT,2021-03-04 20:43:06,37.7238,-8.7828,55.0,92,100,4.0
45,Scarborough,GB,2021-03-04 20:43:07,54.2797,-0.4044,39.0,70,100,4.0
46,Bendigo,AU,2021-03-04 20:39:15,-36.7667,144.2833,53.01,73,0,5.73
47,Shuangcheng,CN,2021-03-04 20:43:07,45.35,126.2833,17.6,73,75,22.37
48,Codrington,AU,2021-03-04 20:43:07,-38.2667,141.9667,57.04,70,98,11.61
49,Ahipara,NZ,2021-03-04 20:43:08,-35.1667,173.1667,68.23,69,4,4.34
50,Kuandian,CN,2021-03-04 20:43:08,40.7286,124.7847,35.42,94,100,0.96
51,Port Lincoln,AU,2021-03-04 20:43:09,-34.7333,135.8667,61.39,83,86,15.05
52,Provideniya,RU,2021-03-04 20:43:09,64.3833,-173.3,12.06,91,100,7.87
53,Koungheul,SN,2021-03-04 20:43:09,13.9833,-14.8,88.74,14,0,7.87
54,New Norfolk,AU,2021-03-04 20:43:09,-42.7826,147.0587,52.0,63,58,1.01
55,Karaton,ID,2021-03-04 20:43:10,-6.3424,106.1045,81.0,83,20,5.75
56,Port Hardy,CA,2021-03-04 20:43:10,50.6996,-127.4199,48.2,71,90,29.93
57,Coahuayana,MX,2021-03-04 20:43:11,18.7333,-103.6833,86.0,32,1,7.31
58,Merrill,US,2021-03-04 20:43:11,45.1805,-89.6835,37.99,41,1,2.3
59,Valleyview,CA,2021-03-04 20:43:11,55.0667,-117.2859,37.4,60,70,4.61
60,Port Keats,AU,2021-03-04 20:43:12,-14.25,129.55,82.53,86,93,7.92
61,Puerto Ayora,EC,2021-03-04 20:43:12,-0.7393,-90.3518,84.2,79,40,9.22
62,Oksfjord,NO,2021-03-04 20:43:12,70.2396,22.3479,26.6,74,75,4.61
63,Teshie,GH,2021-03-04 20:43:13,5.5836,-0.1072,84.2,89,40,17.27
64,Sompeta,IN,2021-03-04 20:43:13,18.9333,84.6,73.11,63,35,8.86
65,Faya,SA,2021-03-04 20:43:13,18.3851,42.4509,60.8,88,0,5.75
66,Atuona,PF,2021-03-04 20:43:13,-9.8,-139.0333,80.02,74,1,12.82
67,Butaritari,KI,2021-03-04 20:43:13,3.0707,172.7902,81.68,79,97,19.35
68,Gashua,NG,2021-03-04 20:43:14,12.871,11.0482,75.18,17,0,9.57
69,Koumac,NC,2021-03-04 20:43:14,-20.5667,164.2833,79.9,77,77,9.71
70,Yar-Sale,RU,2021-03-04 20:43:14,66.8333,70.8333,9.41,96,100,7.45
71,Goderich,CA,2021-03-04 20:43:15,43.7501,-81.7165,21.2,68,1,18.41
72,Lompoc,US,2021-03-04 20:43:15,34.6391,-120.4579,61.0,51,1,11.5
73,Bethel,US,2021-03-04 20:38:40,41.3712,-73.414,39.2,35,75,14.97
74,Pisco,PE,2021-03-04 20:43:15,-13.7,-76.2167,82.4,61,20,8.05
75,Porto Walter,BR,2021-03-04 20:43:16,-8.2686,-72.7439,81.37,92,100,2.39
76,Esperance,AU,2021-03-04 20:38:30,-33.8667,121.9,64.4,88,75,6.91
77,Dandong,CN,2021-03-04 20:43:16,40.1292,124.3947,38.28,96,99,4.56
78,Bandarbeyla,SO,2021-03-04 20:43:16,9.4942,50.8122,76.03,79,100,10.74
79,Saint-Pierre,RE,2021-03-04 20:43:17,-21.3393,55.4781,78.8,78,20,4.61
80,Muriae,BR,2021-03-04 20:43:17,-21.1306,-42.3664,77.54,84,67,2.26
81,Nikolskoye,RU,2021-03-04 20:43:17,59.7035,30.7861,26.6,59,75,13.42
82,Suriapet,IN,2021-03-04 20:43:17,17.15,79.6167,67.37,63,0,4.52
83,Arraial Do Cabo,BR,2021-03-04 20:43:18,-22.9661,-42.0278,86.0,65,0,14.97
84,Svetlyy,RU,2021-03-04 20:43:18,54.675,20.1347,33.8,69,20,13.42
85,Portland,US,2021-03-04 20:40:35,45.5234,-122.6762,59.0,54,40,14.97
86,Kahului,US,2021-03-04 20:43:19,20.8947,-156.47,75.2,57,20,16.11
87,San Rafael,AR,2021-03-04 20:43:19,-34.6177,-68.3301,93.02,21,22,12.73
88,Las Vegas,US,2021-03-04 20:41:46,36.175,-115.1372,64.99,27,1,12.66
89,Lavrentiya,RU,2021-03-04 20:43:20,65.5833,-171.0,2.79,93,100,26.26
90,Norman Wells,CA,2021-03-04 20:43:20,65.282,-126.8329,-9.4,77,75,8.05
91,Tezu,IN,2021-03-04 20:43:20,27.9167,96.1667,64.4,49,100,2.35
92,Vestmannaeyjar,IS,2021-03-04 20:43:21,63.4427,-20.2734,40.46,74,77,5.68
93,San-Pedro,CI,2021-03-04 20:43:21,4.7485,-6.6363,78.94,88,54,8.88
94,Torbay,CA,2021-03-04 20:43:21,47.6666,-52.7314,34.0,74,75,19.57
95,Kankan,GN,2021-03-04 20:43:22,10.3854,-9.3057,89.33,20,37,3.18
96,Thompson,CA,2021-03-04 20:43:22,55.7435,-97.8558,26.6,59,20,3.4
97,Christchurch,NZ,2021-03-04 20:41:00,-43.5333,172.6333,50.0,87,2,1.14
98,Micheweni,TZ,2021-03-04 20:43:23,-4.9667,39.8333,81.14,76,100,12.5
99,Montrose,US,2021-03-04 20:42:30,38.4166,-108.2673,48.99,32,41,4.0
100,Bonfim,BR,2021-03-04 20:43:23,3.0833,-59.95,93.09,38,91,8.63
101,Takoradi,GH,2021-03-04 20:43:23,4.8845,-1.7554,80.49,88,53,10.04
102,Chuy,UY,2021-03-04 20:43:23,-33.6971,-53.4616,73.45,87,100,8.37
103,Ardakan,IR,2021-03-04 20:43:24,32.31,54.0175,59.0,33,20,2.3
104,Sao Joao Da Barra,BR,2021-03-04 20:43:24,-21.6403,-41.0511,84.2,65,0,16.11
105,Jamestown,US,2021-03-04 20:41:38,42.097,-79.2353,26.01,68,40,13.65
106,Sisimiut,GL,2021-03-04 20:43:24,66.9395,-53.6735,26.71,90,100,11.14
107,Dwarka,IN,2021-03-04 20:39:14,22.2394,68.9678,75.9,73,0,8.86
108,Lamu,KE,2021-03-04 20:43:25,-2.2717,40.902,77.85,86,84,11.32
109,Vao,NC,2021-03-04 20:43:25,-22.6667,167.4833,76.96,80,96,14.47
110,Vostok,RU,2021-03-04 20:43:26,46.4856,135.8833,27.55,98,86,6.8
111,Guider,CM,2021-03-04 20:43:26,9.9342,13.9486,82.11,15,50,10.04
112,Baie-Comeau,CA,2021-03-04 20:43:27,49.2168,-68.1489,15.8,57,90,8.05
113,Upernavik,GL,2021-03-04 20:43:27,72.7868,-56.1549,-14.04,82,64,16.13
114,Magadan,RU,2021-03-04 20:43:27,59.5667,150.8,-20.47,84,61,1.86
115,Tiksi,RU,2021-03-04 20:43:28,71.6872,128.8694,-23.24,99,98,5.03
116,Magan,ES,2021-03-04 20:43:28,39.9683,-3.931,54.0,67,89,8.12
117,Matara,LK,2021-03-04 20:43:28,5.9485,80.5353,73.04,80,0,6.67
118,Lusambo,CD,2021-03-04 20:43:29,-4.9667,23.45,73.87,76,72,0.51
119,Nome,US,2021-03-04 20:43:29,64.5011,-165.4064,1.99,85,90,33.38
120,Ormara,PK,2021-03-04 20:43:29,25.2088,64.6357,76.23,71,0,5.93
121,Mayor Pablo Lagerenza,PY,2021-03-04 20:43:30,-19.9309,-60.7718,85.23,60,97,8.61
122,Tasiilaq,GL,2021-03-04 20:43:30,65.6145,-37.6368,32.0,93,90,1.14
123,Toora-Khem,RU,2021-03-04 20:43:30,52.4675,96.11,-2.18,89,0,2.33
124,Rumphi,MW,2021-03-04 20:43:30,-11.0186,33.8575,64.29,95,49,1.72
125,Kodiak,US,2021-03-04 20:43:31,57.79,-152.4072,33.8,51,1,11.5
126,Naze,JP,2021-03-04 20:42:14,28.3667,129.4833,61.12,83,87,14.05
127,Santo Antonio Do Ica,BR,2021-03-04 20:43:31,-3.1022,-67.9397,76.3,95,96,5.57
128,Craig,US,2021-03-04 20:43:31,40.5153,-107.5464,37.4,87,90,2.91
129,Maldonado,UY,2021-03-04 20:43:32,-34.6667,-54.9167,75.99,85,100,3.0
130,Urumqi,CN,2021-03-04 20:43:32,43.801,87.6005,23.0,93,0,4.47
131,Gat,IL,2021-03-04 20:43:32,31.61,34.7642,53.01,100,6,1.01
132,Kavaratti,IN,2021-03-04 20:43:33,10.5669,72.642,82.72,54,0,1.54
133,Abha,SA,2021-03-04 20:43:33,18.2164,42.5053,60.8,88,0,5.75
134,Tuatapere,NZ,2021-03-04 20:43:34,-46.1333,167.6833,55.99,72,83,5.99
135,Tolaga Bay,NZ,2021-03-04 20:43:34,-38.3667,178.3,71.01,54,54,4.47
136,Hobart,AU,2021-03-04 20:41:24,-42.8794,147.3294,53.6,54,40,14.97
137,Rantauprapat,ID,2021-03-04 20:43:34,2.1,99.8333,73.89,91,14,2.28
138,Ciudad Bolivar,VE,2021-03-04 20:43:35,8.1222,-63.5497,90.0,47,89,9.75
139,Bom Jesus,BR,2021-03-04 20:43:35,-9.0744,-44.3586,78.53,81,87,2.13
140,Saint George,US,2021-03-04 20:40:49,37.1041,-113.5841,61.0,41,20,8.05
141,Los Llanos De Aridane,ES,2021-03-04 20:43:35,28.6585,-17.9182,66.2,72,20,4.61
142,Mabaruma,GY,2021-03-04 20:43:36,8.2,-59.7833,77.11,93,93,4.85
143,Anloga,GH,2021-03-04 20:43:36,5.7947,0.8973,82.49,82,91,17.29
144,Port Augusta,AU,2021-03-04 20:43:37,-32.5,137.7667,57.2,88,0,8.05
145,Alugan,PH,2021-03-04 20:43:37,12.2188,125.4808,79.25,80,54,11.59
146,Morro Bay,US,2021-03-04 20:43:37,35.3658,-120.8499,64.99,79,0,4.0
147,Baykit,RU,2021-03-04 20:43:37,61.67,96.37,-2.42,99,100,3.22
148,Severo-Kurilsk,RU,2021-03-04 20:43:38,50.6789,156.125,30.99,97,90,20.96
149,Conceicao Do Araguaia,BR,2021-03-04 20:43:38,-8.2578,-49.2647,80.24,85,92,0.45
150,Mahebourg,MU,2021-03-04 20:43:38,-20.4081,57.7,75.2,88,20,6.91
151,Aromashevo,RU,2021-03-04 20:43:38,56.8602,68.6375,19.42,97,66,11.54
152,Asfi,MA,2021-03-04 20:43:39,32.2994,-9.2372,60.84,82,100,8.16
153,Pitimbu,BR,2021-03-04 20:43:39,-7.4706,-34.8086,78.8,89,75,14.97
154,Batan,CR,2021-03-04 20:43:39,10.0844,-83.341,84.2,58,75,13.8
155,Mercedes,AR,2021-03-04 20:43:40,-34.6515,-59.4307,86.0,60,36,1.99
156,Longyearbyen,SJ,2021-03-04 20:40:41,78.2186,15.6401,-0.4,71,20,12.66
157,Kavieng,PG,2021-03-04 20:43:40,-2.5744,150.7967,82.94,77,100,9.73
158,Banda Aceh,ID,2021-03-04 20:40:12,5.5577,95.3222,79.47,82,6,6.31
159,Iqaluit,CA,2021-03-04 20:43:41,63.7506,-68.5145,21.2,53,90,12.66
160,Cockburn Town,TC,2021-03-04 20:43:41,21.4612,-71.1419,80.6,69,40,10.36
161,Krasnovishersk,RU,2021-03-04 20:43:41,60.4078,57.082,14.92,96,100,4.97
162,Lebu,CL,2021-03-04 20:43:41,-37.6167,-73.65,63.18,73,0,17.07
163,Borda Da Mata,BR,2021-03-04 20:43:42,-22.2742,-46.1653,75.2,64,75,1.05
164,Chapleau,CA,2021-03-04 20:43:42,47.8405,-83.4034,15.8,45,1,8.05
165,Khatanga,RU,2021-03-04 20:43:42,71.9667,102.5,-28.17,78,0,11.43
166,Malakal,SS,2021-03-04 20:40:00,9.5334,31.6605,82.36,11,0,6.67
167,Vaini,TO,2021-03-04 20:43:43,-21.2,-175.2,80.6,83,75,5.75
168,Vardo,NO,2021-03-04 20:43:43,70.3705,31.1107,24.8,74,40,18.41
169,Katsuura,JP,2021-03-04 20:43:43,35.1333,140.3,51.8,82,75,4.61
170,Barrow,US,2021-03-04 20:43:43,71.2906,-156.7887,-25.6,68,1,13.8
171,Mar Del Plata,AR,2021-03-04 20:39:11,-38.0023,-57.5575,75.2,83,75,10.36
172,Senovo,SI,2021-03-04 20:43:44,46.0236,15.4769,46.4,61,0,6.91
173,Karratha,AU,2021-03-04 20:43:44,-20.7377,116.8463,77.76,61,11,13.58
174,Nara,JP,2021-03-04 20:43:45,34.6851,135.8049,51.8,87,75,6.91
175,Aswan,EG,2021-03-04 20:43:45,24.0934,32.907,56.8,35,0,12.86
176,Fare,PF,2021-03-04 20:43:45,-16.7,-151.0167,82.51,77,100,12.06
177,Airai,TL,2021-03-04 20:43:45,-8.9266,125.4092,58.8,91,9,1.5
178,Oktyabrskoye,RU,2021-03-04 20:43:46,43.0645,44.7417,26.6,86,0,6.71
179,Hilo,US,2021-03-04 20:43:06,19.7297,-155.09,77.0,57,1,9.22
180,Oyama,JP,2021-03-04 20:43:46,36.3,139.8,52.0,93,75,1.14
181,Alhama De Murcia,ES,2021-03-04 20:43:47,37.851,-1.4251,57.99,86,22,1.01
182,Van,TR,2021-03-04 20:43:47,38.4924,43.3831,32.0,100,90,5.3
183,Waipawa,NZ,2021-03-04 20:43:47,-41.4122,175.5153,63.0,59,9,17.27
184,Galle,LK,2021-03-04 20:43:47,6.0367,80.217,75.04,81,0,6.02
185,Pevek,RU,2021-03-04 20:43:48,69.7008,170.3133,-1.66,91,100,4.88
186,Krasnokamensk,RU,2021-03-04 20:43:48,50.0979,118.0369,-17.77,73,0,4.59
187,Broome,US,2021-03-04 20:43:48,42.2506,-75.833,27.0,54,20,19.57
188,Goure,NE,2021-03-04 20:43:48,13.9835,10.2704,80.01,10,0,5.99
189,Georgetown,MY,2021-03-04 20:43:30,5.4112,100.3354,80.6,89,20,3.44
190,Saskylakh,RU,2021-03-04 20:43:49,71.9167,114.0833,-33.41,95,85,6.6
191,Mathbaria,BD,2021-03-04 20:43:49,22.2876,89.9593,68.25,91,0,5.59
192,Werota,ET,2021-03-04 20:43:49,11.9167,37.7,74.1,36,96,6.67
193,Chokurdakh,RU,2021-03-04 20:43:49,70.6333,147.9167,-10.55,95,100,22.37
194,Sorgun,TR,2021-03-04 20:43:50,39.8101,35.186,32.56,86,0,3.15
195,Bredasdorp,ZA,2021-03-04 20:43:50,-34.5322,20.0403,60.8,94,26,1.14
196,Sitka,US,2021-03-04 20:43:50,57.0531,-135.33,37.4,81,75,5.75
197,Grand Gaube,MU,2021-03-04 20:43:51,-20.0064,57.6608,75.0,81,75,4.0
198,Savannah Bight,HN,2021-03-04 20:43:51,16.45,-85.85,82.4,69,75,3.44
199,Dafeng,CN,2021-03-04 20:43:51,23.4517,108.5881,61.23,84,100,2.33
200,Sao Filipe,CV,2021-03-04 20:43:52,14.8961,-24.4956,71.56,73,100,12.93
201,Paamiut,GL,2021-03-04 20:43:52,61.994,-49.6678,41.99,55,100,10.92
202,Axim,GH,2021-03-04 20:43:52,4.8699,-2.2405,80.69,87,0,9.64
203,Ancud,CL,2021-03-04 20:43:52,-41.8697,-73.8203,73.4,46,0,8.05
204,Indramayu,ID,2021-03-04 20:43:53,-6.3264,108.32,78.19,81,100,5.59
205,Yining,CN,2021-03-04 20:43:53,29.0361,114.5636,53.26,90,67,2.73
206,Polson,US,2021-03-04 20:43:53,47.6936,-114.1632,53.01,46,25,0.74
207,Taoudenni,ML,2021-03-04 20:43:54,22.6783,-3.9836,72.25,20,0,10.71
208,Oum Hadjer,TD,2021-03-04 20:43:54,13.2954,19.6966,78.73,17,25,14.54
209,Moose Factory,CA,2021-03-04 20:43:54,51.2585,-80.6094,5.0,39,1,14.97
210,Te Anau,NZ,2021-03-04 20:43:54,-45.4167,167.7167,49.08,93,98,1.14
211,Hambantota,LK,2021-03-04 20:43:55,6.1241,81.1185,73.94,81,0,10.83
212,Clyde River,CA,2021-03-04 20:43:55,70.4692,-68.5914,-18.4,69,20,4.61
213,Nouadhibou,MR,2021-03-04 20:43:55,20.931,-17.0347,64.4,72,100,21.85
214,Ostersund,SE,2021-03-04 20:43:56,63.1792,14.6357,25.0,86,75,10.36
215,Kargopol,RU,2021-03-04 20:43:56,61.5071,38.9456,14.09,97,96,6.02
216,Nalchiti,BD,2021-03-04 20:43:57,22.6333,90.2833,67.37,93,0,5.3
217,Alice Springs,AU,2021-03-04 20:43:57,-23.7,133.8833,69.8,21,0,5.75
218,Kaitangata,NZ,2021-03-04 20:43:57,-46.2817,169.8464,55.99,59,100,2.68
219,Walvis Bay,NA,2021-03-04 20:43:58,-22.9575,14.5053,79.7,36,0,14.29
220,Cabo San Lucas,MX,2021-03-04 20:39:07,22.8909,-109.9124,82.0,31,75,3.44
221,Yeppoon,AU,2021-03-04 20:43:58,-23.1333,150.7333,69.8,78,82,5.75
222,Vernon,CA,2021-03-04 20:39:36,50.2581,-119.2691,48.0,52,100,1.14
223,Bambanglipuro,ID,2021-03-04 20:43:59,-7.95,110.2833,76.37,88,96,3.06
224,Bulawayo,ZW,2021-03-04 20:43:59,-20.15,28.5833,62.73,69,1,5.3
225,Kruisfontein,ZA,2021-03-04 20:43:59,-34.0033,24.7314,68.0,88,17,1.01
226,Flinders,AU,2021-03-04 20:44:00,-34.5833,150.8552,64.0,82,1,1.01
227,Dikson,RU,2021-03-04 20:44:00,73.5069,80.5464,-29.33,81,3,13.73
228,Preobrazheniye,RU,2021-03-04 20:44:00,42.9019,133.9064,34.02,81,0,6.69
229,Shingu,JP,2021-03-04 20:44:00,33.7333,135.9833,55.47,81,100,13.24
230,Pedasi,PA,2021-03-04 20:44:01,7.5333,-80.0333,82.89,64,0,16.04
231,East London,ZA,2021-03-04 20:44:01,-33.0153,27.9116,72.82,78,54,4.72
232,San Francisco,US,2021-03-04 20:41:40,37.7749,-122.4194,59.0,62,20,6.91
233,Brae,GB,2021-03-04 20:44:02,60.3964,-1.353,35.6,69,90,5.75
234,Kysyl-Syr,RU,2021-03-04 20:44:02,63.8986,122.7617,-33.93,82,10,5.59
235,Makaha,US,2021-03-04 20:44:03,21.4694,-158.2175,77.0,73,75,8.05
236,Passo De Camaragibe,BR,2021-03-04 20:44:03,-9.2368,-35.4901,80.6,78,40,11.5
237,Half Moon Bay,US,2021-03-04 20:44:03,37.4636,-122.4286,62.01,71,1,5.75
238,Sorland,NO,2021-03-04 20:44:04,67.667,12.6934,30.2,93,40,11.5
239,Oussouye,SN,2021-03-04 20:44:04,12.485,-16.5469,84.2,54,0,6.91
240,Havelock,US,2021-03-04 20:44:04,34.8791,-76.9013,68.0,24,1,16.11
241,Constitucion,CL,2021-03-04 20:44:04,-35.3333,-72.4167,70.66,56,0,18.05
242,Victoria,HK,2021-03-04 20:39:05,22.2855,114.1577,68.0,91,100,9.89
243,Ivankiv,UA,2021-03-04 20:44:05,50.9386,29.8943,42.8,70,87,15.66
244,Saint-Georges,GD,2021-03-04 20:44:05,12.0564,-61.7485,82.4,74,40,25.32
245,Chulumani,BO,2021-03-04 20:44:05,-16.4096,-67.5263,72.48,73,87,3.71
246,Port Hawkesbury,CA,2021-03-04 20:44:05,45.6169,-61.3485,39.2,38,1,17.27
247,Isla Vista,US,2021-03-04 20:40:55,34.4133,-119.861,63.0,55,20,6.91
248,Ararat,AM,2021-03-04 20:44:06,39.8317,44.7049,42.8,45,40,3.44
249,Angoram,PG,2021-03-04 20:44:06,-4.0625,144.0661,72.82,97,90,3.24
250,Poum,NC,2021-03-04 20:44:06,-20.2333,164.0167,80.38,80,100,13.29
251,Tifton,US,2021-03-04 20:44:07,31.4505,-83.5085,71.6,30,1,5.75
252,Hasaki,JP,2021-03-04 20:44:07,35.7333,140.8333,45.0,100,75,2.3
253,Ordubad,AZ,2021-03-04 20:44:07,38.9059,46.0234,39.2,81,90,13.8
254,Puerto Carreno,CO,2021-03-04 20:44:08,6.189,-67.4859,89.28,43,99,3.78
255,Lorengau,PG,2021-03-04 20:44:08,-2.0226,147.2712,81.48,80,94,8.84
256,Lewistown,US,2021-03-04 20:40:48,40.5992,-77.5714,41.0,56,75,14.97
257,Riyadh,SA,2021-03-04 20:39:48,24.6877,46.7219,77.0,22,0,9.22
258,Fort Nelson,CA,2021-03-04 20:44:09,58.8053,-122.7002,10.4,67,75,3.78
259,Finale Ligure,IT,2021-03-04 20:44:09,44.1695,8.3436,54.0,74,46,1.01
260,Bambous Virieux,MU,2021-03-04 20:44:09,-20.3428,57.7575,75.2,88,20,6.91
261,Russell,US,2021-03-04 20:44:10,32.3502,-85.1999,73.4,23,1,9.22
262,Tulun,RU,2021-03-04 20:44:10,54.5611,100.5792,-6.66,91,64,6.82
263,San Patricio,US,2021-03-04 20:44:10,28.017,-97.5169,75.2,53,75,12.66
264,Leningradskiy,RU,2021-03-04 20:44:11,69.3833,178.4167,1.67,92,100,32.99
265,Cayenne,GF,2021-03-04 20:42:11,4.9333,-52.3333,82.4,78,75,13.8
266,Waddan,LY,2021-03-04 20:44:11,29.1614,16.139,59.41,32,54,19.28
267,Komsomolskiy,UZ,2021-03-04 20:44:11,40.4272,71.7189,46.4,81,90,2.3
268,Tete,MZ,2021-03-04 20:44:11,-16.1564,33.5867,74.01,95,72,3.98
269,Dauriya,RU,2021-03-04 20:44:12,49.9333,116.8667,-16.49,74,3,3.62
270,Cherskiy,RU,2021-03-04 20:44:12,68.75,161.3,-19.71,87,100,8.81
271,Vila Franca Do Campo,PT,2021-03-04 20:44:12,37.7167,-25.4333,55.4,82,20,20.71
272,Faanui,PF,2021-03-04 20:44:13,-16.4833,-151.75,83.46,74,100,12.44
273,Ostrovnoy,RU,2021-03-04 20:44:13,68.0531,39.5131,13.19,92,100,12.75
274,Salalah,OM,2021-03-04 20:44:13,17.0151,54.0924,77.0,78,0,1.05
275,Ituporanga,BR,2021-03-04 20:44:13,-27.4144,-49.6025,78.01,96,100,7.0
276,Moshkovo,RU,2021-03-04 20:44:13,55.3053,83.6104,24.8,68,0,11.18
277,Coffs Harbour,AU,2021-03-04 20:44:14,-30.3,153.1333,68.0,73,0,8.05
278,Zvishavane,ZW,2021-03-04 20:44:14,-20.3267,30.0665,65.25,75,0,1.59
279,Ulety,RU,2021-03-04 20:44:14,51.3572,112.4849,-16.91,82,0,3.09
280,Mogadishu,SO,2021-03-04 20:44:15,2.0371,45.3438,78.48,83,99,21.05
281,Talnakh,RU,2021-03-04 20:44:15,69.4865,88.3972,-5.82,95,100,9.01
282,Umm Kaddadah,SD,2021-03-04 20:44:15,13.6017,26.6876,68.52,22,34,21.79
283,Khislavichi,RU,2021-03-04 20:44:15,54.1871,32.1582,24.26,97,98,7.18
284,Requena,ES,2021-03-04 20:44:16,39.4883,-1.1004,55.4,88,75,3.44
285,Sistranda,NO,2021-03-04 20:44:16,63.7256,8.834,33.8,86,40,11.5
286,Bordighera,IT,2021-03-04 20:44:16,43.7806,7.6645,51.8,87,20,3.44
287,Durban,ZA,2021-03-04 20:44:15,-29.8579,31.0292,77.0,83,20,3.44
288,Geraldton,AU,2021-03-04 20:44:16,-28.7667,114.6,66.2,94,0,8.05
289,Gazojak,TM,2021-03-04 20:44:17,41.1875,61.4036,37.22,75,0,4.68
290,Pusad,IN,2021-03-04 20:44:17,19.9,77.5833,75.06,12,0,3.96
291,Druzhba,UA,2021-03-04 20:44:17,52.0428,33.9453,31.98,94,98,8.9
292,Port-Gentil,GA,2021-03-04 20:44:18,-0.7193,8.7815,82.4,89,75,3.44
293,Trindade,BR,2021-03-04 20:44:18,-16.6494,-49.4889,80.6,69,20,3.44
294,Aqtobe,KZ,2021-03-04 20:44:18,50.2797,57.2072,24.8,86,40,31.32
295,Atambua,ID,2021-03-04 20:44:18,-9.1061,124.8925,72.99,88,3,2.26
296,Ko Samui,TH,2021-03-04 20:44:19,9.5357,99.9357,81.28,78,2,15.39
297,Sinnamary,GF,2021-03-04 20:44:19,5.3833,-52.95,79.23,82,21,12.55
298,Grindavik,IS,2021-03-04 20:44:19,63.8424,-22.4338,39.2,93,75,6.91
299,Bilibino,RU,2021-03-04 20:44:20,68.0546,166.4372,-12.8,99,100,5.48
300,Olenegorsk,RU,2021-03-04 20:44:20,68.15,33.3,10.49,96,97,3.98
301,Kieta,PG,2021-03-04 20:44:21,-6.2167,155.6333,79.48,80,100,8.08
302,Sumbe,AO,2021-03-04 20:44:21,-11.2061,13.8437,78.82,84,89,4.38
303,Cidreira,BR,2021-03-04 20:44:21,-30.1811,-50.2056,77.34,80,97,4.9
304,Tibati,CM,2021-03-04 20:44:21,6.4667,12.6333,76.68,18,94,7.27
305,Shenjiamen,CN,2021-03-04 20:44:22,29.9576,122.298,48.96,87,37,7.09
306,Buala,SB,2021-03-04 20:44:22,-8.145,159.5921,81.97,82,81,9.04
307,Hastings,GB,2021-03-04 20:43:13,50.8552,0.5729,39.99,83,94,4.0
308,Ipixuna,BR,2021-03-04 20:44:23,-1.7625,-48.8043,77.0,88,40,5.75
309,Berani,PK,2021-03-04 20:44:23,25.785,68.8069,69.8,68,0,7.2
310,Northam,GB,2021-03-04 20:44:23,51.0333,-4.2167,44.01,82,92,7.0
311,Lazaro Cardenas,MX,2021-03-04 20:44:24,17.9583,-102.2,81.7,57,0,9.8
312,Tabou,CI,2021-03-04 20:44:24,4.423,-7.3528,79.16,88,59,7.72
313,Ramsar,IR,2021-03-04 20:44:24,36.9226,50.6426,48.2,81,90,4.68
314,Ketchikan,US,2021-03-04 20:44:24,55.3422,-131.6461,39.2,87,90,3.44
315,Ust-Omchug,RU,2021-03-04 20:44:25,61.15,149.6333,-32.17,80,91,2.57
316,Timizart,DZ,2021-03-04 20:44:25,36.8,4.2667,50.49,81,82,2.71
317,Ishigaki,JP,2021-03-04 20:44:25,24.3448,124.1572,69.58,89,91,18.21
318,Saint-Leu,RE,2021-03-04 20:44:25,-21.15,55.2833,75.0,62,100,4.9
319,Ambilobe,MG,2021-03-04 20:44:25,-13.2,49.05,75.4,91,84,1.83
320,Nemuro,JP,2021-03-04 20:40:57,43.3236,145.575,37.76,91,100,26.69
321,Nabire,ID,2021-03-04 20:44:26,-3.3667,135.4833,74.98,87,100,3.44
322,Bonthe,SL,2021-03-04 20:44:26,7.5264,-12.505,79.29,86,25,9.13
323,Husavik,IS,2021-03-04 20:44:27,66.0449,-17.3389,39.2,70,40,11.5
324,Clarksburg,US,2021-03-04 20:41:28,39.2807,-80.3445,44.6,45,40,16.11
325,Hualmay,PE,2021-03-04 20:44:27,-11.0964,-77.6139,77.18,66,57,8.03
326,Biloela,AU,2021-03-04 20:44:27,-24.4167,150.5,67.6,73,0,10.07
327,Iquique,CL,2021-03-04 20:42:10,-20.2208,-70.1431,77.0,65,20,13.8
328,Santiago,CL,2021-03-04 20:43:49,-33.4569,-70.6483,96.01,35,0,8.05
329,Forio,IT,2021-03-04 20:44:28,40.7342,13.8646,51.8,71,0,3.44
330,San Fernando,PH,2021-03-04 20:44:29,15.0286,120.6898,75.2,83,75,2.3
331,Jodhpur,IN,2021-03-04 20:44:29,26.2867,73.03,66.6,15,0,5.17
332,Boyabat,TR,2021-03-04 20:40:14,41.4689,34.7667,39.06,70,0,1.21
333,Marshall,US,2021-03-04 20:44:29,34.3834,-86.3333,68.0,29,1,8.05
334,Okhotsk,RU,2021-03-04 20:44:30,59.3833,143.3,-27.27,71,0,16.31
335,Nanortalik,GL,2021-03-04 20:44:30,60.1432,-45.2371,37.44,87,98,12.68
336,Gazli,UZ,2021-03-04 20:44:30,40.1333,63.45,41.36,61,0,5.82
337,Narsaq,GL,2021-03-04 20:44:31,60.9167,-46.05,50.0,32,75,35.68
338,Port Pirie,AU,2021-03-04 20:44:31,-33.1833,138.0167,57.2,88,0,8.05
339,Mount Gambier,AU,2021-03-04 20:44:31,-37.8333,140.7667,53.6,87,90,5.75
340,Comodoro Rivadavia,AR,2021-03-04 20:41:16,-45.8667,-67.5,59.0,88,90,6.91
341,Bengkulu,ID,2021-03-04 20:42:21,-3.8004,102.2655,76.23,86,93,4.52
342,Coquimbo,CL,2021-03-04 20:40:33,-29.9533,-71.3436,66.2,77,75,12.66
343,Bria,CF,2021-03-04 20:44:32,6.5423,21.9863,76.35,23,0,4.12
344,Novyy Urengoy,RU,2021-03-04 20:44:32,66.0833,76.6333,11.23,94,100,11.59
345,Rio Grande,BR,2021-03-04 20:44:32,-32.035,-52.0986,75.2,94,75,5.75
346,Severo-Yeniseyskiy,RU,2021-03-04 20:44:33,60.3725,93.0408,9.66,95,100,6.38
347,Camacha,PT,2021-03-04 20:44:33,33.0833,-16.3333,62.6,88,75,12.66
348,Westport,US,2021-03-04 20:44:33,41.1415,-73.3579,44.6,31,40,18.41
349,Xuddur,SO,2021-03-04 20:44:33,4.1213,43.8894,73.36,70,7,19.17
350,Zyryanskoye,RU,2021-03-04 20:44:34,56.8306,86.6258,25.03,96,100,16.06
351,Lexington,US,2021-03-04 20:42:14,37.9887,-84.4777,55.0,32,1,10.36
352,Den Helder,NL,2021-03-04 20:44:34,52.9599,4.7593,37.99,81,75,17.27
353,Lagoa,PT,2021-03-04 20:44:35,39.05,-27.9833,57.49,65,60,6.62
354,Champerico,GT,2021-03-04 20:44:35,14.3,-91.9167,91.4,49,75,11.5
355,Qiyang,CN,2021-03-04 20:44:35,26.5911,111.8474,57.43,90,90,2.13
356,Kedrovyy,RU,2021-03-04 20:44:36,56.1667,91.8167,24.8,54,0,11.18
357,Petropavlivka,UA,2021-03-04 20:44:36,48.4564,36.4367,38.84,83,88,18.52
358,San Ignacio,BZ,2021-03-04 20:44:36,17.1561,-89.0714,89.6,48,20,6.91
359,Eydhafushi,MV,2021-03-04 20:44:36,5.1033,73.0708,81.84,77,9,14.9
360,Yerofey Pavlovich,RU,2021-03-04 20:44:37,53.9667,121.9667,-24.86,80,7,4.07
361,Bubaque,GW,2021-03-04 20:44:37,11.2833,-15.8333,77.9,68,4,14.0
362,Kenitra,MA,2021-03-04 20:44:37,34.261,-6.5802,60.8,94,90,9.22
363,Egvekinot,RU,2021-03-04 20:44:38,66.3167,-179.1667,1.13,95,100,30.22
364,Plouzane,FR,2021-03-04 20:44:38,48.3833,-4.6167,46.4,93,90,9.22
365,Verkhnevilyuysk,RU,2021-03-04 20:44:39,63.4453,120.3167,-29.99,83,21,6.4
366,Rincon,US,2021-03-04 20:44:39,32.296,-81.2354,73.4,25,1,4.61
367,Scottsbluff,US,2021-03-04 20:42:59,41.8666,-103.6672,59.0,18,1,11.5
368,Praia Da Vitoria,PT,2021-03-04 20:44:40,38.7333,-27.0667,59.0,82,20,8.81
369,Columbus,US,2021-03-04 20:39:45,39.9612,-82.9988,37.4,64,90,16.11
370,Raga,SS,2021-03-04 20:44:40,8.4596,25.678,78.42,17,25,7.07
371,Oistins,BB,2021-03-04 20:44:40,13.0667,-59.5333,82.4,61,75,18.41
372,Nileshwar,IN,2021-03-04 20:44:41,12.25,75.1,76.08,84,22,5.61
373,Buchanan,LR,2021-03-04 20:44:41,5.8808,-10.0467,80.6,83,40,7.25
374,Totness,SR,2021-03-04 20:44:41,5.8833,-56.3167,78.76,84,100,13.85
375,Sjovegan,NO,2021-03-04 20:44:42,68.8726,17.8474,27.0,93,90,5.75
376,Macau,MO,2021-03-04 20:44:42,22.2006,113.5461,68.0,94,40,8.05
377,Meiktila,MM,2021-03-04 20:44:42,20.8667,95.8667,69.04,42,0,5.68
378,Nokha,IN,2021-03-04 20:44:42,27.6,73.4167,70.83,20,0,7.76
379,Sitrah,BH,2021-03-04 20:44:43,26.1547,50.6206,71.6,73,0,8.05
380,Ponta Delgada,PT,2021-03-04 20:44:43,37.7333,-25.6667,55.4,82,20,20.71
381,Saint-Philippe,RE,2021-03-04 20:44:43,-21.3585,55.7679,78.8,78,20,4.61
382,Bahia Honda,CU,2021-03-04 20:44:44,22.9036,-83.1592,73.35,72,83,10.36
383,Haines Junction,CA,2021-03-04 20:44:44,60.7522,-137.5108,19.4,63,100,5.75
384,Sokoni,TZ,2021-03-04 20:44:44,-6.4333,39.55,81.95,75,100,16.62
385,Leshukonskoye,RU,2021-03-04 20:44:44,64.8989,45.7622,-0.06,93,99,3.96
386,Onega,RU,2021-03-04 20:44:45,63.9061,38.1404,4.84,95,84,6.26
387,Moen,NO,2021-03-04 20:44:45,69.1304,18.6123,21.2,93,90,5.75
388,Isangel,VU,2021-03-04 20:44:45,-19.55,169.2667,78.8,94,90,17.27
389,Gurlan,UZ,2021-03-04 20:44:46,41.8447,60.3919,33.8,80,90,2.3
390,Heishan,CN,2021-03-04 20:44:46,41.6892,122.1128,31.12,91,75,22.17
391,Marienburg,PL,2021-03-04 20:41:06,54.0359,19.0266,32.0,100,37,6.67
392,Marawi,PH,2021-03-04 20:44:47,7.9986,124.2928,72.0,90,2,5.01
393,Saint-Augustin,CA,2021-03-04 20:44:47,51.226,-58.6502,23.18,97,100,18.81
394,Tobermory,CA,2021-03-04 20:44:47,45.2501,-81.6665,19.4,58,0,12.66
395,Iztapa,GT,2021-03-04 20:44:48,13.9333,-90.7075,89.6,48,1,11.5
396,Progreso,MX,2021-03-04 20:44:48,21.2833,-89.6667,84.0,61,75,4.61
397,Havre-Saint-Pierre,CA,2021-03-04 20:44:48,50.2334,-63.5986,24.8,80,90,27.63
398,Bumba,CD,2021-03-04 20:44:49,2.1833,22.4667,79.52,46,2,2.93
399,Sakakah,SA,2021-03-04 20:44:49,29.9697,40.2064,53.6,43,0,25.32
400,Barra,BR,2021-03-04 20:44:49,-11.0894,-43.1417,82.2,59,3,1.81
401,Saint-Gaudens,FR,2021-03-04 20:44:49,43.0833,0.6667,53.6,76,90,2.68
402,Yerbogachen,RU,2021-03-04 20:44:50,61.2767,108.0108,-16.19,86,100,8.1
403,Vicuna,CL,2021-03-04 20:44:50,-30.0319,-70.7081,84.0,33,0,5.99
404,Kandi,BJ,2021-03-04 20:44:51,11.1342,2.9386,82.8,15,1,4.18
405,Pingzhuang,CN,2021-03-04 20:44:51,42.0372,119.2889,19.99,89,90,19.3
406,Aklavik,CA,2021-03-04 20:42:15,68.2191,-135.0107,-14.8,70,40,11.5
407,Natal,BR,2021-03-04 20:44:00,-5.795,-35.2094,82.4,74,20,16.11
408,Hofn,IS,2021-03-04 20:44:52,64.2539,-15.2082,40.37,69,0,3.13
409,Terrace,CA,2021-03-04 20:44:52,54.5163,-128.6035,37.4,87,90,14.97
410,Aripuana,BR,2021-03-04 20:44:52,-9.1667,-60.6333,80.89,74,100,2.84
411,La Mira,MX,2021-03-04 20:44:52,18.035,-102.3266,83.14,54,0,9.55
412,Bacolod,PH,2021-03-04 20:44:53,10.6667,122.95,76.23,85,3,9.15
413,Rafai,CF,2021-03-04 20:44:53,4.95,23.9167,74.01,27,21,0.29
414,Bushehr,IR,2021-03-04 20:44:53,28.9684,50.8385,68.0,73,90,6.91
415,Silae,PH,2021-03-04 20:44:54,8.1589,125.2825,64.71,89,0,3.33
416,Porto Novo,BJ,2021-03-04 20:44:54,6.4965,2.6036,86.0,84,40,12.66
417,Magna,US,2021-03-04 20:44:54,40.7091,-112.1016,55.0,62,40,2.53
418,Xam Nua,LA,2021-03-04 20:44:54,20.4197,104.0439,62.1,87,13,2.57
419,Moorhead,US,2021-03-04 20:44:54,46.8739,-96.7676,48.2,61,1,13.8
420,Bathsheba,BB,2021-03-04 20:44:55,13.2167,-59.5167,82.4,61,75,18.41
421,Muros,ES,2021-03-04 20:44:55,42.7762,-9.0603,55.99,85,98,3.0
422,Omboue,GA,2021-03-04 20:44:55,-1.5746,9.2618,79.65,85,100,6.73
423,Grande Prairie,CA,2021-03-04 20:44:55,55.1667,-118.8027,28.4,74,75,5.75
424,Nenjiang,CN,2021-03-04 20:44:56,49.1833,125.2167,-12.12,83,0,8.57
425,Arona,ES,2021-03-04 20:44:56,28.0996,-16.681,64.99,72,20,6.91
426,Flagstaff,US,2021-03-04 20:44:56,35.1981,-111.6513,48.99,56,40,6.91
427,Korla,CN,2021-03-04 20:44:57,41.7597,86.1469,38.52,72,0,5.08
428,Acapulco,MX,2021-03-04 20:44:17,16.8634,-99.8901,86.0,66,20,4.61
429,Shangrao,CN,2021-03-04 20:44:57,28.4532,117.9686,52.79,86,90,4.09
430,Maunabo,PR,2021-03-04 20:44:58,18.0072,-65.8993,81.0,80,2,5.01
431,Richards Bay,ZA,2021-03-04 20:44:58,-28.783,32.0377,70.05,79,0,6.22
432,Kurchum,KZ,2021-03-04 20:44:58,48.5722,83.6542,11.52,86,100,2.82
433,Wenzhou,CN,2021-03-04 20:44:59,27.9994,120.6668,53.01,97,94,2.06
434,Naantali,FI,2021-03-04 20:44:59,60.4674,22.0243,26.01,63,0,4.61
435,Suluq,LY,2021-03-04 20:44:59,31.6682,20.2521,55.36,62,0,4.21
436,Metro,ID,2021-03-04 20:44:59,-5.1131,105.3067,72.95,95,52,3.2
437,Kidal,ML,2021-03-04 20:42:20,18.4411,1.4078,78.85,18,59,12.57
438,Santa Maria,BR,2021-03-04 20:45:00,-29.6842,-53.8069,73.4,88,75,11.5
439,Whitehorse,CA,2021-03-04 20:41:24,60.7161,-135.0538,25.0,73,75,3.44
440,Murgab,TM,2021-03-04 20:45:00,37.4966,61.9714,45.54,63,6,2.39
441,Igarka,RU,2021-03-04 20:45:01,67.4667,86.5833,-3.33,91,100,15.84
442,Ulladulla,AU,2021-03-04 20:45:01,-35.35,150.4667,63.0,94,0,6.91
443,Yinchuan,CN,2021-03-04 20:45:02,38.4681,106.2731,39.52,33,4,3.31
444,Gitarama,RW,2021-03-04 20:45:03,-2.0744,29.7567,68.0,88,40,4.61
445,Begunitsy,RU,2021-03-04 20:45:03,59.5855,29.3176,26.6,59,75,13.42
446,Rawson,AR,2021-03-04 20:45:03,-43.3002,-65.1023,62.65,72,15,13.27
447,Cleburne,US,2021-03-04 20:45:04,32.3476,-97.3867,73.4,38,1,19.57
448,Kuna,US,2021-03-04 20:41:21,43.4918,-116.4201,59.0,35,1,5.75
449,Oranjemund,NA,2021-03-04 20:45:04,-28.55,16.4333,63.32,81,0,15.68
450,Alofi,NU,2021-03-04 20:45:05,-19.0595,-169.9187,82.4,78,40,10.36
451,Melnikovo,RU,2021-03-04 20:45:05,56.5558,84.085,26.01,85,100,10.0
452,Swift Current,CA,2021-03-04 20:42:35,50.2834,-107.8014,42.8,70,1,10.36
453,Laguna,US,2021-03-04 20:45:06,38.421,-121.4238,64.0,55,1,4.61
454,Olenino,RU,2021-03-04 20:45:06,56.2092,33.4889,21.79,96,26,4.94
455,Merritt Island,US,2021-03-04 20:45:06,28.5392,-80.672,69.01,59,1,10.36
456,Karagaylinskiy,RU,2021-03-04 20:45:07,54.172,86.5521,14.86,80,99,8.55
457,Sokoto,NG,2021-03-04 20:45:07,13.0609,5.239,82.8,14,0,10.67
458,Norfolk,US,2021-03-04 20:40:58,42.1668,-71.2495,37.99,44,72,24.16
459,Maumere,ID,2021-03-04 20:45:07,-8.6199,122.2111,79.14,80,22,1.66
460,Matay,EG,2021-03-04 20:45:07,28.419,30.7792,54.34,60,0,10.13
461,Kalmanka,RU,2021-03-04 20:45:08,52.8992,83.5433,21.2,58,0,11.18
462,Turukhansk,RU,2021-03-04 20:45:08,65.8167,87.9833,-0.53,89,96,17.22
463,Kapit,MY,2021-03-04 20:45:08,2.0167,112.9333,72.93,95,99,0.87
464,Great Yarmouth,GB,2021-03-04 20:45:09,52.6083,1.7305,41.0,70,75,9.22
465,Megion,RU,2021-03-04 20:45:09,61.0296,76.1136,19.4,93,90,6.71
466,Port Blair,IN,2021-03-04 20:45:09,11.6667,92.75,80.28,82,6,7.11
467,Qui Nhon,VN,2021-03-04 20:45:09,13.7667,109.2333,73.94,91,37,4.43
468,Liwale,TZ,2021-03-04 20:45:10,-9.7667,37.9333,69.87,97,100,2.57
469,Kochki,RU,2021-03-04 20:45:10,54.3358,80.4806,20.41,95,100,18.05
470,Bwanga,TZ,2021-03-04 20:45:10,-3.0308,31.7601,64.87,92,100,4.03
471,Itoman,JP,2021-03-04 20:45:11,26.1247,127.6694,66.2,82,75,11.5
472,Avera,US,2021-03-04 20:45:11,33.194,-82.5271,71.6,23,1,10.36
473,Necochea,AR,2021-03-04 20:45:11,-38.5473,-58.7368,72.0,82,20,8.01
474,Swinoujscie,PL,2021-03-04 20:45:11,53.9105,14.2471,36.0,99,47,10.25
475,Mbandaka,CD,2021-03-04 20:45:12,0.0487,18.2603,80.74,55,18,4.29
476,The Valley,AI,2021-03-04 20:45:12,18.217,-63.0578,84.2,74,20,12.66
477,Southbridge,US,2021-03-04 20:45:12,42.0751,-72.0334,36.0,25,0,1.01
478,Tubmanburg,LR,2021-03-04 20:45:13,6.8708,-10.8172,76.28,94,81,3.13
479,Teahupoo,PF,2021-03-04 20:45:13,-17.8333,-149.2667,86.0,66,75,4.61
480,Twin Falls,US,2021-03-04 20:45:13,42.3505,-114.6445,55.4,33,1,14.97
481,Maputo,MZ,2021-03-04 20:42:56,-25.9653,32.5892,78.01,83,75,1.48
482,Coxim,BR,2021-03-04 20:45:13,-18.5067,-54.76,79.68,76,61,5.26
483,Lakes Entrance,AU,2021-03-04 20:45:13,-37.8811,147.981,57.99,73,79,3.0
484,La Rioja,ES,2021-03-04 20:42:50,42.25,-2.5,52.0,93,75,2.3
485,Tay Ninh,VN,2021-03-04 20:45:14,11.3,106.1,75.9,70,13,3.62
486,Krasnorechenskiy,RU,2021-03-04 20:45:14,44.6265,135.3532,27.48,94,6,4.7
487,Key West,US,2021-03-04 20:45:15,24.5557,-81.7826,75.2,60,1,16.11
488,Pafos,CY,2021-03-04 20:45:15,34.7667,32.4167,50.0,71,20,9.22
489,Dasoguz,TM,2021-03-04 20:45:15,41.8363,59.9666,33.8,80,90,2.3
490,Busko-Zdroj,PL,2021-03-04 20:45:16,50.4708,20.7188,39.99,1,100,8.19
491,Tubuala,PA,2021-03-04 20:45:16,9.5167,-79.0333,89.6,40,40,9.22
492,Sadiqabad,PK,2021-03-04 20:45:16,28.3062,70.1307,69.03,22,0,10.25
493,Fayetteville,US,2021-03-04 20:45:05,35.0527,-78.8784,69.8,18,1,19.57
494,Puerto Escondido,MX,2021-03-04 20:45:17,15.85,-97.0667,86.0,74,1,9.22
495,Nicoya,CR,2021-03-04 20:45:17,10.1483,-85.452,89.6,37,0,23.02
496,Dourbali,TD,2021-03-04 20:45:17,11.8091,15.8632,81.81,12,23,13.02
497,Bitung,ID,2021-03-04 20:45:18,1.4451,125.1824,71.6,100,40,1.14
498,Abeokuta,NG,2021-03-04 20:45:18,7.15,3.35,84.2,84,20,10.36
499,Polewali,ID,2021-03-04 20:45:18,-3.4324,119.3435,76.3,78,90,3.18
500,Maniwaki,CA,2021-03-04 20:45:19,46.3834,-75.966,15.8,35,28,17.27
501,Sawtell,AU,2021-03-04 20:45:19,-30.3833,153.1,68.0,73,0,8.05
502,Chicama,PE,2021-03-04 20:45:19,-7.8447,-79.1469,77.0,73,40,9.22
503,Ferrol,ES,2021-03-04 20:45:19,43.4832,-8.2369,55.99,94,0,2.3
504,Puri,IN,2021-03-04 20:45:19,19.8,85.85,77.18,79,28,15.12
505,Touros,BR,2021-03-04 20:45:20,-5.1989,-35.4608,82.4,74,20,10.36
506,Prince Rupert,CA,2021-03-04 20:44:16,54.3161,-130.3201,44.6,87,20,5.75
507,Whyalla,AU,2021-03-04 20:45:20,-33.0333,137.5833,57.2,88,0,8.05
508,Mareeba,AU,2021-03-04 20:45:20,-17.0,145.4333,75.2,88,100,3.44
509,Limbazi,LV,2021-03-04 20:45:21,57.5129,24.7194,28.0,91,27,1.99
510,Montague,US,2021-03-04 20:45:21,42.5356,-72.5351,35.01,37,1,14.97
511,Saint-Francois,FR,2021-03-04 20:45:21,46.4154,3.9054,44.01,100,75,2.3
512,Kadoma,JP,2021-03-04 20:45:22,34.7333,135.5833,51.8,87,75,6.91
513,Uyuni,BO,2021-03-04 20:45:22,-20.4597,-66.825,65.86,28,58,11.52
514,Abu Zabad,SD,2021-03-04 20:45:22,12.35,29.25,70.03,20,38,15.66
515,Svetlogorsk,BY,2021-03-04 20:45:23,52.6333,29.7333,31.69,98,100,7.18
516,Erenhot,CN,2021-03-04 20:45:23,43.6475,111.9767,15.17,87,49,16.11
517,Khani,GE,2021-03-04 20:45:23,41.9563,42.9566,32.0,93,0,3.44
518,Emerald,AU,2021-03-04 20:45:23,-23.5333,148.1667,69.8,83,0,11.65
519,Srednekolymsk,RU,2021-03-04 20:45:23,67.45,153.6833,-10.91,89,100,18.63
520,Kaihua,CN,2021-03-04 20:45:24,23.3687,104.28,55.47,91,68,6.87
521,Thohoyandou,ZA,2021-03-04 20:44:33,-22.9456,30.485,67.05,64,0,1.57
522,Prieska,ZA,2021-03-04 20:45:24,-29.6641,22.7474,77.38,17,11,12.17
523,Mae Hong Son,TH,2021-03-04 20:45:24,19.3003,97.9685,67.64,59,0,1.28
524,Inhambane,MZ,2021-03-04 20:45:25,-23.865,35.3833,75.11,90,0,4.99
525,Golden,US,2021-03-04 20:42:29,39.7555,-105.2211,44.6,36,90,13.8
526,Atar,MR,2021-03-04 20:45:25,20.5169,-13.0499,74.3,16,100,8.46
527,Warmbad,NA,2021-03-04 20:45:26,-28.45,18.7333,79.21,27,0,13.56
528,Dakoro,NE,2021-03-04 20:45:26,14.5106,6.765,79.23,10,0,11.27
529,Honiara,SB,2021-03-04 20:45:03,-9.4333,159.95,80.37,89,100,5.5
530,Adeje,ES,2021-03-04 20:42:31,28.1227,-16.726,64.99,72,20,6.91
531,Celestun,MX,2021-03-04 20:45:26,20.8667,-90.4,78.31,73,39,14.25
532,Cabedelo,BR,2021-03-04 20:45:26,-6.9811,-34.8339,78.8,89,75,14.97
533,Yulara,AU,2021-03-04 20:45:27,-25.2406,130.9889,80.6,24,40,9.22
534,Zhanaozen,KZ,2021-03-04 20:45:27,43.3,52.8,32.11,77,0,6.11
535,Khash,IR,2021-03-04 20:45:27,28.2211,61.2158,56.91,34,0,3.78
536,Edson,CA,2021-03-04 20:44:27,53.5835,-116.4356,37.4,55,1,3.51
537,Rawlins,US,2021-03-04 20:45:28,41.7911,-107.2387,41.0,56,20,4.34
538,Koslan,RU,2021-03-04 20:45:28,63.4564,48.8989,-4.86,98,90,4.21
539,Shelburne,CA,2021-03-04 20:45:19,44.0787,-80.2041,21.0,70,1,16.08
540,Kaya,BF,2021-03-04 20:45:28,13.0917,-1.0844,85.71,14,25,8.52
541,Kaliua,TZ,2021-03-04 20:45:29,-5.0606,31.7936,67.3,86,100,2.64
542,Reguengos De Monsaraz,PT,2021-03-04 20:45:29,38.4253,-7.5349,57.2,82,40,12.66
543,Olafsvik,IS,2021-03-04 20:45:29,64.8945,-23.7142,40.78,87,99,12.77
544,Jalu,LY,2021-03-04 20:45:30,29.0331,21.5482,54.91,45,0,6.44
545,Bodden Town,KY,2021-03-04 20:45:30,19.2833,-81.25,84.2,58,20,6.91
546,Suez,EG,2021-03-04 20:45:30,29.9737,32.5263,57.56,63,0,6.49
547,Neuquen,AR,2021-03-04 20:45:31,-38.9516,-68.0591,75.2,60,40,5.75
548,Nautla,MX,2021-03-04 20:45:31,20.2167,-96.7833,74.3,73,39,8.14
549,Baruun-Urt,MN,2021-03-04 20:45:31,46.6806,113.2792,-7.55,89,21,5.79
550,Grand Forks,US,2021-03-04 20:45:32,47.9417,-97.4337,50.0,53,1,12.66
551,Rybachiy,RU,2021-03-04 20:45:32,48.7073,44.7449,35.6,75,0,24.61
